id,名前,税込価格,エネルギー,タンパク質,脂質,炭水化物,塩分,赤点,緑点,黄点
3233,ジャンボたらカツ（Big-size deep-fried cod）,352,387,22.8,18.8,29.8,1.0,1.0,0.1,3.8
3198,カツ煮（Pork cutlets cooked with beaten egg）,352,506,18.8,34.0,28.1,3.1,1.9,0.1,4.4
3168,ロースカツ（胡麻入りソース）（Pork loin cutlet (sauce containing sesame)）,352,427,15.4,25.4,32.0,2.7,1.5,0.1,3.6
3139,味噌カツ（Pork cutlets with miso sauce）,352,528,17.6,33.0,38.6,2.5,1.5,0.1,4.7
3209,おろしロースカツ（Pork cutlet with grated Japanese radish）,352,455,15.3,30.8,27.6,1.8,1.5,0.2,4.0
3235,味噌チゲ（Korean-style soy bean paste soup）,352,429,20.3,19.4,42.3,4.2,2.3,0.6,2.4
3232,ミートソースチキン（Grilled chicken with Bolognese sauce）,308,281,24.1,16.6,6.4,0.8,2.8,0.1,0.2
3192,チキン南蛮（Fried chicken with tartare sauce and Japanese sweet-sour sauce）,308,352,13.7,19.2,30.4,3.0,0.8,0.1,3.3
3208,揚げ鶏の香味ソース（Deep-fried chicken with flavorful sauce）,308,207,13.9,5.7,24.6,2.9,0.8,0.1,1.7
3230,デミソースハンバーグ（Hamburger steak with demiglace sauce）,308,308,17.2,14.6,27.5,3.0,1.6,0.3,1.9
3166,ササミチーズカツ（Chicken cutlet with cheese）,308,278,14.7,16.9,16.7,0.8,1.1,0.1,2.3
3144,チキンおろしダレ（Grilled chicken with grated Japanese radish sauce）,308,268,23.4,15.5,6.0,1.1,2.7,0.1,0.2
3231,煮込みハンバーグ（Simmered Hamburg steak）,308,320,17.4,14.9,29.9,3.4,1.6,0.3,2.1
3228,照りマヨハンバーグ（Hamburg steak with teriyaki sauce and mayonnaise）,308,342,17.8,17.4,28.5,3.0,1.7,0.3,2.2
3229,和風おろしハンバーグ（Hamburger steak with grated Japanese radish sauce）,308,274,17.5,13.3,22.0,3.1,1.6,0.4,1.4
3155,チキン照り焼きソース（Grilled chicken with teriyaki sauce）,308,286,23.9,15.5,9.9,1.4,2.8,0.1,0.4
3156,チキン塩ダレ（Grilled chicken with salt-based sauce）,308,294,23.2,18.3,6.4,1.7,2.7,0.1,0.6
3157,チキンカツカレーソース（Chicken cutlet with curry sauce）,308,364,17.0,23.9,20.6,2.5,2.0,0.2,2.7
3193,白身魚フライタルタルソース（Fried white meat fish with tartar sauce）,264,450,11.7,30.8,28.1,1.2,0.5,0.1,5.0
3151,アジの大葉フライ（Cutlets of horse mackerel wrapped in perilla）,264,283,12.2,16.5,20.7,0.5,0.7,0.1,2.8
3210,豚しょうが焼き（Gingerfried pork with shredded cabbage）,264,269,20.7,15.1,10.6,1.8,2.8,0.3,0.3
3211,豚キムチ炒め（Sauteed pork and kimchi(Korean pickles)）,264,185,12.6,7.7,15.0,1.8,1.4,0.4,0.3
3234,ホタテシチュー（Scallops and vegetables cream stew）,220,183,9.2,4.2,25.6,2.0,0.6,0.8,0.9
4302,白身フライ中華野菜あん（Deep-fried white fish with Chinese-style vegetable ankake sauce）,198,308,7.0,19.3,17.0,1.4,0.2,0.2,3.4
4280,おろし唐揚げ（Deep-fried chicken with grated white radish）,198,228,10.8,10.4,21.5,1.4,1.5,0.1,1.3
4281,豚生姜焼き（Ginger-fried pork）,198,238,18.5,13.7,8.0,1.6,2.5,0.2,0.3
4258,豚肉ピーマンいため（Sautéed pork and bell peppers）,198,146,8.1,7.3,12.2,1.6,0.8,0.4,0.6
4252,野菜いため（黒胡椒味）（Sautéed vegetables (Black pepper-flavored)）,198,134,7.3,7.0,11.0,0.8,0.8,0.3,0.4
4291,ミートソースハンバーグ（Hamburg steak with meat sauce）,198,252,15.6,15.2,12.4,1.3,1.6,0.1,1.1
4219,ハンバーグ（おろし）（Hamburger steak with grated Japanese radish sauce）,198,239,14.9,14.1,12.0,1.6,1.5,0.1,1.1
4220,ハンバーグ（塩だれ）（Hamburger steak with salt-based sauce）,198,265,14.7,16.9,12.4,2.2,1.5,0.1,1.5
4295,ぶり照り煮（Boiled yellowtail with soy sauce）,198,134,10.0,8.1,4.1,0.7,1.5,0.0,0.2
4057,サバ塩焼き（Mackerel grilled with salt）,198,319,16.9,26.3,0.4,2.3,2.7,0.0,0.0
4063,さば味噌煮（Mackerel simmered in miso）,198,209,10.0,15.0,6.8,0.8,1.4,0.0,0.3
4153,さば生姜煮（Mackerel stewed with ginger）,198,195,9.5,14.2,5.7,0.8,1.3,0.0,0.3
4257,野菜いため（塩味）（Sautéed vegetables (salt-flavored)）,198,153,6.8,9.5,10.2,1.2,0.8,0.3,0.8
4221,ハンバーグ（グレイビー）（Hamburg steak (with gravy)）,198,251,15.1,14.3,14.2,2.2,1.5,0.1,1.3
4284,ポーク焼肉（Yakiniku pork (grilled)）,198,249,18.3,14.4,9.1,1.5,2.5,0.2,0.5
4222,マーボー豆腐（Sichuan style bean curd）,176,160,9.9,9.5,9.0,1.9,1.1,0.0,0.7
4053,チキンチーズカツ（Chicken cutlet filled with cheese）,176,243,11.0,16.2,12.9,0.6,1.1,0.0,2.2
4203,フライドチキン（Fried chicken）,176,265,11.8,21.4,6.0,0.9,2.1,0.0,1.7
4236,マーボー茄子（Fried egg plant with Chinese chili sauce）,176,146,2.9,11.7,7.9,1.3,0.1,0.2,1.4
4285,厚揚げと白菜のすき煮（Boiled sukiyaki containing deep-fried tofu and Chinese cabbage）,176,130,7.2,6.3,12.1,0.8,0.7,0.2,0.3
4301,三陸産いわしフライ（Fried sardine of Sanriku）,176,302,9.5,23.6,11.1,0.2,0.9,0.0,2.9
4304,チーズじゃがもち（Cheese potato croquette）,132,251,1.2,14.2,23.3,0.3,0.1,0.3,2.8
4282,旨辛豆腐（Tofu and vegetables with chili sauce）,132,116,11.5,4.0,10.7,1.5,0.9,0.0,0.3
4283,バンバンジー豆腐（Bang bang chicken (shredded chicken with spicy sesame sauce) with tofu）,132,133,11.0,7.7,7.6,1.1,0.9,0.1,0.6
4259,茄子と大豆ミートの甘辛そぼろ（Eggplant and salty-sweet powdered soy meat）,132,138,3.5,9.8,9.8,0.5,0.2,0.3,1.3
4253,ポテトと大豆ミートのカレー和え（Potatoes and soybean-meat with curry）,132,110,3.3,4.3,15.8,0.5,0.1,0.7,0.5
4079,オクラの巣ごもりたまご（Soft-boiled egg with chopped okra）,132,115,8.4,6.4,6.1,0.9,1.0,0.2,0.2
4292,パリパリ春巻き（Crispy spring rolls）,132,297,3.9,21.9,20.7,1.0,0.2,0.1,3.2
4229,あじフライ（Fried horse mackerel）,132,321,9.4,24.0,14.4,0.6,1.4,0.0,3.4
4162,イカフライ（Fried squid）,132,208,9.5,12.0,14.0,0.8,0.6,0.0,3.2
4233,かぼちゃコロッケ（Pumpkin Croquette）,132,236,2.2,14.3,24.2,0.6,0.0,0.6,2.4
4154,ほうれん草の巣ごもりたまご（Soft-boiled egg nested in boiled spinach with sesame paste）,132,111,8.9,6.6,3.5,0.7,1.0,0.1,0.2
4099,肉じゃが（Simmered pork and potatoes）,132,132,6.5,3.8,16.5,1.1,0.7,0.8,0.2
4286,くずし肉豆腐（Simmered pork and tofu）,132,136,10.1,6.8,8.3,1.0,1.3,0.1,0.3
4303,冬の惣菜コンビ（Spinach dressed with sesame seeds and 15 ingredients salad with shoyu mayonnaise sauce）,110,84,2.7,5.4,6.7,0.7,0.1,0.3,0.6
4296,ポパイコロッケ（Spinach croquette）,110,205,2.8,14.4,15.8,0.5,0.0,0.3,2.2
4254,クリームコロッケ（Creamy croquette using the milk from Zao (with crab)）,110,252,3.8,18.2,17.7,0.6,0.2,0.0,2.6
4255,牛肉コロッケ（Beef croquette）,110,239,3.2,15.8,20.6,0.6,0.1,0.4,2.5
4168,白身魚フライ（Fried white meat fish）,110,229,5.5,16.7,12.4,0.5,0.2,0.0,2.6
4266,スパイシーポテト（Spicy French fries）,110,160,2.0,6.2,23.0,1.0,0.0,0.9,0.9
4287,揚げだし豆腐（Deep-fried tofu）,110,183,6.3,10.0,17.5,0.8,0.9,0.1,1.4
5191,道産昆布オクラ和え（Hokkaido Kombu and soy bean with okra）,88,30,1.5,0.8,5.0,0.5,0.1,0.3,0.0
5182,水菜と油揚げのからし和え（Potherb mustard and deep-fried tofu with Japanese mustard sauce）,88,29,1.7,1.3,2.9,0.4,0.2,0.1,0.1
5183,切干大根とわかめ煮（Simmered dried-radish with seaweed）,88,20,0.5,0.1,4.0,1.0,0.0,0.1,0.2
5184,ゆずもずく（Vinegared seaweed with a hint of yuzu citrus）,88,21,0.4,0.0,5.0,1.3,0.0,0.1,0.2
5166,ほうれん草ひじき和え（Spinach with hijiki seaweed）,88,50,4.0,1.5,4.5,0.5,0.4,0.1,0.1
5137,薩摩ハーブ鶏のレバー煮（Stewed liver of Satsuma herb chicken）,88,81,9.4,1.3,8.1,1.3,0.6,0.0,0.4
5167,鶏そぼろれんこん（Lotus root with minced chicken meat）,88,55,2.0,2.0,7.7,0.7,0.1,0.2,0.3
5168,モロヘイヤとオクラのお浸し（Boiled jute mallow and okra in bonito-flavored sauce）,88,26,1.3,0.0,5.0,0.3,0.0,0.3,0.0
5173,とろろ（Grated yam）,88,38,1.1,0.0,8.5,0.4,0.0,0.4,0.0
5180,ハッシュブラウン（Hashed potatoes）,88,123,1.2,6.4,14.8,0.7,0.0,0.5,1.0
5154,いももち（Imomochi (Dumpling made of potato)）,88,198,0.8,10.7,24.3,0.5,0.1,0.2,1.5
5171,きんぴらごぼう（Sauteed burdock kimpira style）,66,40,0.8,0.8,7.6,0.8,0.0,0.3,0.3
5172,ひじき煮（Boiled hijiki （edible seaweed））,66,52,1.6,2.8,5.2,0.8,0.4,0.1,0.3
5185,１５品目のヘルシーサラダ（15items of healthy salad）,66,80,1.5,5.9,5.5,0.5,0.1,0.3,0.6
5083,半熟卵（Soft boiled egg）,66,83,6.8,5.7,0.2,0.2,1.0,0.0,0.0
5118,オクラのお浸し（Ohitashi(boiled)chopped okra）,66,18,1.2,0.0,4.6,0.3,0.0,0.2,0.0
5073,ほうれん草ゴマあえ（Boiled spinach with sesame paste）,66,28,2.1,1.0,3.3,0.5,0.0,0.1,0.2
5119,冷奴（Cold tofu）,66,53,5.3,3.5,2.0,0.0,0.7,0.0,0.0
5186,揚げ餃子（Fried dumplings）,66,84,2.6,4.3,8.6,0.4,0.1,0.0,1.0
5175,切干大根（Soy sauce taste boiled dried daikon radish strips）,66,24,1.2,0.8,3.2,0.4,0.2,0.1,0.1
5152,おからの彩りサラダ（Colorful soy pulp salad）,66,95,4.0,5.5,7.5,1.0,0.4,0.3,0.3
5082,煮卵（Boiled egg）,66,76,6.6,4.8,1.7,0.6,0.5,0.0,0.5
5078,かぼちゃ煮（Simmered pumpkin）,66,61,1.1,0.0,14.3,0.6,0.0,0.3,0.3
5153,パンプキンサラダ（Pumpkin salad）,66,100,1.5,7.0,8.0,0.5,0.0,0.2,0.8
5138,竹輪の磯辺揚げ（Fried Chikuwa (fish sausage) with laver）,66,102,5.4,6.2,5.9,0.9,0.2,0.0,1.1
5135,レンコンきんぴら（Lotus root sauteed in sugar and soy sauce）,66,48,0.8,1.2,9.2,0.8,0.0,0.3,0.3
5117,ほうれん草のおひたし（Boiled spinach with dried bonito）,66,12,1.9,0.0,1.5,0.0,0.0,0.1,0.0
5159,野菜生活１００（Mixed juice of vegetables and the fruit）,66,33,0.4,0.0,8.1,0.2,0.0,0.4,0.0
6028,ごろっと野菜のツナマヨサラダ（Vegetable salad with tuna mayonnaise）,198,203,8.1,12.5,15.4,0.8,0.7,0.8,1.1
6027,豚しゃぶ胡麻だれ（Pork shabu-shabu and vegetable salad with sesame dressing）,198,226,15.7,14.9,7.7,1.1,2.0,0.3,0.5
6026,胡麻風味の豚しゃぶサラダ（Pork shabu-shabu salad with sesame dressing）,198,245,13.7,17.0,8.7,1.4,1.8,0.4,0.9
6025,鶏とゴロッと野菜のサラダ（Steamed vegetables and chicken salad）,198,166,10.8,3.1,24.3,1.7,0.7,0.6,0.6
6020,ポテト＆コーンサラダ（Potato and corn salad）,88,74,1.6,3.8,9.3,0.6,0.0,0.7,0.3
10295,（大）秋鮭丼（(Large size)Flaked Salmon topped with soft boiled egg bowl）,594,809,33.9,16.2,123.1,3.9,2.0,0.1,8.0
10294,（中）秋鮭丼（(Medium size)Flaked Salmon topped with soft boiled egg bowl）,506,638,26.8,13.2,95.9,2.8,1.7,0.1,6.1
10293,（小）秋鮭丼（(Small size)Flaked Salmon topped with soft boiled egg bowl）,440,480,20.9,10.9,69.0,2.1,1.5,0.0,4.4
10291,（大）唐揚げ親子丼（(Large size)Deep-fried chicken cooked with beaten egg bowl）,539,1043,33.6,27.5,155.6,4.4,3.2,0.0,9.8
10290,（中）唐揚げ親子丼（(Medium size)Deep-fried chicken cooked with beaten egg bowl）,451,814,26.2,21.4,121.6,3.3,2.5,0.0,7.6
10289,（小）唐揚げ親子丼（(Small size)Deep-fried chicken cooked with beaten egg bowl）,385,594,19.2,15.8,88.1,2.3,1.8,0.0,5.5
10242,（大）チキン竜田丼（(Large size)Bowl of rice topped with deep-fried chicken）,594,1177,33.2,46.2,148.6,4.0,3.9,0.0,10.4
10241,（中）チキン竜田丼（(Medium size)Bowl of rice topped with deep-fried chicken）,506,900,25.2,34.7,115.2,3.1,2.9,0.0,8.0
10240,（小）チキン竜田丼（(Small size)Bowl of rice topped with deep-fried chicken）,440,623,17.2,23.1,81.8,2.1,1.9,0.0,5.6
10287,（大）ガリたま唐揚げ丼（(Large size)Deep-fried chicken with garlic sauce and soft-boiled egg bowl）,594,1065,35.7,27.1,158.2,3.2,3.5,0.0,9.8
10286,（中）ガリたま唐揚げ丼（(Medium size)Deep-fried chicken with garlic sauce and soft-boiled egg bowl）,506,856,29.6,22.8,123.8,2.5,3.0,0.0,7.6
10285,（小）ガリたま唐揚げ丼（(Small size)Deep-fried chicken with garlic sauce and soft-boiled egg bowl）,440,647,23.6,18.5,89.4,1.8,2.5,0.0,5.5
10280,塩だれチキン丼（Grilled chicken with salt-based sauce bowl， Boiled spinach with sesame paste）,451,733,31.9,19.0,99.6,2.1,2.7,0.1,6.0
10279,山かけネギトロ丼（Raw minced tuna & green onion with grated yam rice bowl）,539,621,20.4,8.9,108.3,2.4,0.6,0.6,6.5
10278,（大）豚塩焼肉丼（(Large size)Stir-fried pork with salt-based sauce bowl）,506,1066,48.1,34.3,128.4,1.8,5.5,0.2,7.7
10277,（中）豚塩焼肉丼（(Medium size)Stir-fried pork with salt-based sauce bowl）,418,797,35.0,24.5,99.6,1.3,3.9,0.1,5.9
10276,（小）豚塩焼肉丼（(Small size)Stir-fried pork with salt-based sauce bowl）,352,567,24.7,17.1,71.6,0.9,2.8,0.1,4.3
10275,（大）ヒレカツ玉子丼（(Large size)Rice bowl topped with fillet cutlet and eggs）,539,1023,30.7,30.0,148.9,4.2,1.4,0.0,11.1
10274,（中）ヒレカツ玉子丼（(Medium size)Rice bowl topped with fillet cutlet and eggs）,451,750,21.9,20.3,113.2,3.0,1.0,0.0,8.2
10273,（小）ヒレカツ玉子丼（(Small size)Rice bowl topped with fillet cutlet and eggs）,385,485,13.5,11.2,78.2,1.9,0.6,0.0,5.4
10268,（大）唐揚げとろろ丼（(Large size)Deep-fried chicken and grated yam bowl）,539,916,26.2,16.4,156.9,1.7,2.0,0.8,8.6
10267,（中）唐揚げとろろ丼（(Medium size)Deep-fried chicken and grated yam bowl）,451,702,19.9,12.3,120.8,1.3,1.5,0.6,6.7
10266,（小）唐揚げとろろ丼（(Small size)Deep-fried chicken and grated yam bowl）,385,492,13.7,8.2,85.9,0.9,1.0,0.4,4.7
10239,（大）辛みそ豚丼（(Large size)Rice bowl topped with pork and spicy miso）,506,957,39.0,22.3,138.9,2.5,3.9,0.3,7.9
10238,（中）辛みそ豚丼（(Medium size)Rice bowl topped with pork and spicy miso）,418,720,28.5,16.0,107.1,1.8,2.8,0.2,6.1
10237,（小）辛みそ豚丼（(Small size)Rice bowl topped with pork and spicy miso）,352,513,20.1,11.2,76.8,1.3,1.9,0.1,4.4
10259,（大）チキン味噌カツ丼（(Large size)Chicken cutlets with miso sauce bowl）,539,1150,36.6,35.1,163.5,4.5,3.1,0.0,11.4
10258,（中）チキン味噌カツ丼（(Medium size)Chicken cutlets with miso sauce bowl）,451,835,25.7,23.5,123.7,3.1,2.0,0.0,8.5
10257,（小）チキン味噌カツ丼（(Small size)Chicken cutlets with miso sauce bowl）,385,531,15.0,12.2,85.7,1.9,1.0,0.0,5.6
10262,（大）鶏照り丼（(Large size)Sautéed chicken with teriyaki sauce bowl）,539,810,32.6,8.7,141.0,3.1,2.0,0.3,7.7
10261,（中）鶏照り丼（(Medium size)Sautéed chicken with teriyaki sauce bowl）,451,615,23.9,6.2,108.6,2.2,1.5,0.2,5.9
10260,（小）鶏照り丼（(Small size)Sautéed chicken with teriyaki sauce bowl）,385,440,16.9,4.3,78.1,1.5,1.0,0.1,4.3
10265,（大）回鍋肉丼（(Large size)Twice-cooked pork bowl）,539,1027,45.0,30.4,130.9,1.6,4.8,0.3,7.7
10264,（中）回鍋肉丼（(Medium size)Twice-cooked pork bowl）,451,770,32.8,21.7,101.4,1.1,3.4,0.2,6.0
10263,（小）回鍋肉丼（(Small size)Twice-cooked pork bowl）,385,547,23.1,15.2,72.8,0.8,2.4,0.2,4.3
10288,鮭丼（Salmon Rice Bowl）,506,554,18.4,7.1,98.0,2.6,1.4,0.0,5.5
10246,（大）スタミナ焼肉丼（(Large size)Rice bowl topped with grilled-meat， garlic shoots）,506,938,39.0,21.7,136.6,1.7,3.9,0.5,7.3
10245,（中）スタミナ焼肉丼（(Medium size)Rice bowl topped with grilled-meat， garlic shoots）,418,707,28.5,15.5,105.5,1.2,2.8,0.4,5.7
10244,（小）スタミナ焼肉丼（(Small size)Rice bowl topped with grilled-meat， garlic shoots）,352,503,20.1,10.9,75.7,0.8,1.9,0.3,4.1
10249,（大）塩ダレ唐揚げ丼（(Large size)Deep-fried chicken with salt-based sauce bowl）,506,963,27.6,21.6,154.1,3.2,2.5,0.1,9.5
10248,（中）塩ダレ唐揚げ丼（(Medium size)Deep-fried chicken with salt-based sauce bowl）,418,752,21.9,16.7,120.1,2.3,2.0,0.1,7.4
10247,（小）塩ダレ唐揚げ丼（(Small size)Deep-fried chicken with salt-based sauce bowl）,352,540,16.1,11.8,86.2,1.4,1.5,0.0,5.2
10252,（大）豚みそ焼肉丼（(Large size)Broiled pork with soybean paste bowl）,506,962,39.4,22.9,140.1,2.3,3.9,0.4,7.9
10251,（中）豚みそ焼肉丼（(Medium size)Broiled pork with soybean paste bowl）,418,727,29.0,16.4,107.9,1.7,2.8,0.3,6.1
10250,（小）豚みそ焼肉丼（(Small size)Broiled pork with soybean paste bowl）,352,517,20.4,11.5,77.3,1.2,1.9,0.2,4.4
10175,（大）中華旨煮丼（(Large size)Rice bowl topped with Chinese-style braised pork）,561,899,21.8,16.9,126.9,3.2,1.5,0.2,9.5
10174,（中）中華旨煮丼（(Medium size)Rice bowl topped with Chinese-style braised pork）,473,691,16.6,12.7,98.9,2.4,1.1,0.2,7.3
10173,（小）中華旨煮丼（(Small size)Rice bowl topped with Chinese-style braised pork）,407,484,11.5,8.4,70.8,1.6,0.8,0.1,5.2
10169,（大）鶏そぼろ丼（(Large size)Rice bowl topped with minced chicken）,506,780,24.7,11.0,134.6,1.9,1.8,0.1,8.2
10168,（中）鶏そぼろ丼（(Medium size)Rice bowl topped with minced chicken）,418,622,20.1,9.2,106.0,1.6,1.5,0.1,6.5
10167,（小）鶏そぼろ丼（(Small size)Rice bowl topped with minced chicken）,352,424,12.9,5.5,74.7,0.9,0.9,0.1,4.5
12058,（大）カレーライス（(Large size)Curry rice）,374,738,13.6,11.4,140.1,4.8,0.0,0.3,8.7
12057,（中）カレーライス（(Medium size)Curry rice）,286,579,10.7,9.0,109.8,4.0,0.0,0.2,6.8
12056,（小）カレーライス（(Small size)Curry rice）,253,440,8.2,7.8,81.7,3.6,0.0,0.2,5.1
12061,（大）ヒレカツカレー（(Large size)Curry and rice topped with pork fillet cutlets）,528,1098,28.4,34.3,162.2,6.0,0.7,0.3,12.3
12060,（中）ヒレカツカレー（(Medium size)Curry and rice topped with pork fillet cutlets）,440,819,20.5,24.3,124.5,4.8,0.5,0.2,9.2
12059,（小）ヒレカツカレー（(Small size)Curry and rice topped with pork fillet cutlets）,374,560,13.1,15.4,89.1,4.0,0.2,0.2,6.3
12064,（大）唐揚げカレー（(Large size)Curry and rice topped with fried chicken）,528,1021,27.8,25.3,163.1,5.9,2.0,0.3,10.2
12063,（中）唐揚げカレー（(Medium size)Curry and rice topped with fried chicken）,440,791,21.3,19.4,127.1,4.8,1.5,0.2,8.0
12062,（小）唐揚げカレー（(Small size)Curry and rice topped with fried chicken）,374,581,15.3,14.8,93.2,4.1,1.0,0.2,5.9
15433,（大）唐揚とんこつラーメン（(Large size)Tonkotsu(pork bones soup) ramen topped with deep-fried chicken）,561,891,38.4,20.8,136.2,8.2,1.5,0.1,8.8
15432,唐揚とんこつラーメン（Tonkotsu(pork bones soup) ramen topped with deep-fried chicken）,495,701,30.6,20.2,97.8,7.9,1.5,0.1,6.7
15435,（大）北海道味噌ラーメン（バター風味）（(Large size)Hokkaido Miso butter ramen）,539,830,38.5,14.3,139.3,9.3,0.9,0.7,7.8
15434,北海道味噌ラーメン（バター風味）（Hokkaido Miso butter ramen）,473,640,30.8,13.7,100.9,9.0,0.9,0.7,5.7
15411,（大）味噌ラーメン（(Large size)Miso (soybean-paste based soup) ramen）,462,737,33.0,10.3,128.8,9.8,0.6,0.1,7.6
15410,味噌ラーメン（Miso (soybean-paste based soup) ramen）,396,547,25.3,9.7,90.4,9.5,0.6,0.1,5.4
15413,（大）醤油ラーメン（(Large size)Ramen in soy-sauce flavored soup）,462,694,28.8,10.6,120.9,7.8,0.6,0.1,7.1
15412,醤油ラーメン（Ramen in soy-sauce flavored soup）,396,504,21.1,10.0,82.5,7.4,0.6,0.1,5.0
15415,（大）濃厚にぼしラーメン（(Large size)Ramen in rich dried-sardine soup）,539,773,33.6,16.3,123.4,8.0,0.6,0.1,8.0
15414,濃厚にぼしラーメン（Ramen in rich dried-sardine soup）,473,583,25.9,15.7,85.0,7.7,0.6,0.1,5.8
15417,（大）辛味噌ラーメン（(Large size)Ramen in hot-miso based soup）,462,815,33.0,18.1,129.4,9.2,0.6,0.2,8.6
15416,辛味噌ラーメン（Ramen in hot-miso based soup）,396,625,25.3,17.5,91.0,8.9,0.6,0.2,6.5
15418,冷やしざるラーメン（Cold ramen）,451,492,19.2,7.7,87.3,5.0,0.6,0.0,5.5
15419,魚介濃厚まぜそば（Rich-flavored seafood dry noodles）,495,618,23.6,21.5,82.6,5.3,0.6,0.0,6.4
15398,（大）担々麺（(Large size)Dandan noodles （Hot））,539,900,32.4,27.1,131.3,6.8,0.6,0.1,9.5
15397,担々麺（Dandan noodles （Hot））,473,710,24.7,26.6,92.9,6.4,0.6,0.1,7.3
15389,上海風焼きそば（Shanghai-style fried noodles）,418,500,10.0,17.5,72.5,5.0,0.9,0.0,5.3
15390,ソース焼きそば（Fried noodles seasoned with Japanese Worcester sauce）,418,475,10.0,15.0,72.5,5.0,0.3,0.0,5.6
15391,辛旨汁なし担々麺（Szechuan-style hot dry noodles）,495,723,24.8,29.8,89.8,4.6,0.6,0.2,7.5
15403,たっぷり野菜の醤油和え麺（Lots-of-veggies noodles seasoned with soy sauce）,495,598,27.3,14.3,89.5,5.1,1.4,0.4,5.1
15394,照りマヨチキンの和え麺（Dry noodles with teriyaki chicken with mayonnaise）,495,595,29.1,14.1,87.7,5.1,1.4,0.1,5.3
15380,（大）冷やし担々麺（(Large size)Dandan noodles （cold））,539,862,29.8,24.4,133.6,5.6,0.6,0.2,9.7
15379,冷やし担々麺（Dandan noodles （cold））,473,671,23.2,23.4,94.4,5.3,0.6,0.2,7.3
17295,（大）豚汁そば（(Large size)Soba noodles with pork and vegetables (miso based soup)）,517,565,26.1,8.7,98.3,3.6,1.0,0.4,5.5
17294,豚汁そば（Soba noodles with pork and vegetables (miso based soup)）,451,429,20.8,8.0,70.2,3.6,1.0,0.4,3.8
17050,（大）かけそば（(Large size)Plain soba noodles）,319,443,17.4,2.1,91.9,4.5,0.0,0.0,5.3
17049,かけそば（Plain soba noodles）,253,307,12.1,1.4,63.8,4.5,0.0,0.0,3.6
17219,（大）釜玉そば（(Large size)Soba noodles with poached egg， green onion， nori and tenkasu）,418,643,25.5,17.6,98.4,2.6,1.0,0.1,6.7
17218,釜玉そば（Soba noodles with poached egg， green onion， nori and tenkasu）,352,507,20.2,16.9,70.3,2.6,1.0,0.1,5.0
17231,（大）かき揚げそば（(Large size)Soba noodles with mixed tempura）,418,596,20.2,8.5,112.7,5.8,0.0,0.3,6.9
17230,かき揚げそば（Soba noodles with mixed tempura）,352,460,14.9,7.8,84.6,5.8,0.0,0.3,5.2
17223,（大）ワカメそば（(Large size)Soba noodles with wakame seaweed）,418,492,20.0,5.1,99.3,7.6,0.0,0.1,5.6
17222,ワカメそば（Soba noodles with wakame seaweed）,352,356,14.7,4.4,71.2,7.6,0.0,0.1,4.0
17249,（大）きつねそば（(Large size)Soba noodles with deep-fried tofu）,418,604,25.4,10.5,105.9,5.9,1.5,0.0,5.7
17248,きつねそば（Soba noodles with deep-fried tofu）,352,468,20.1,9.8,77.8,5.9,1.5,0.0,4.1
17289,（大）ざるそば（(Large size)Zaru soba (cool soba noodles)）,418,585,23.5,2.9,120.7,3.4,0.0,0.1,7.1
17288,ざるそば（Zaru soba (cool soba noodles)）,352,449,18.2,2.2,92.6,3.4,0.0,0.1,5.4
17287,（大）濃厚カレーそば（(Large size)Soba noodles in rich curry soup）,484,630,21.1,14.1,110.5,6.2,0.0,0.3,7.2
17293,（大）豚汁うどん（(Large size)Udon noodles with pork and vegetables (miso based soup)）,517,626,19.9,7.7,118.7,5.5,1.0,0.4,5.5
17292,豚汁うどん（Udon noodles with pork and vegetables (miso based soup)）,451,470,16.7,7.3,83.8,4.9,1.0,0.4,3.8
17285,（大）濃厚カレーうどん（(Large size)Udon noodles in rich curry soup）,484,691,15.0,13.1,130.9,8.1,0.0,0.3,7.2
17284,濃厚カレーうどん（Udon noodles in rich curry soup）,418,535,11.7,12.8,96.0,7.5,0.0,0.3,5.6
17273,焼きうどん（Stir-fried udon noodles）,418,425,7.5,11.0,72.5,7.5,0.3,0.0,4.7
17233,（大）かけうどん（(Large size)Plain udon noodles）,319,493,10.6,1.1,110.0,5.3,0.1,0.0,5.2
17232,かけうどん（Plain udon noodles）,253,337,7.3,0.8,75.1,4.7,0.1,0.0,3.6
17217,（大）釜玉うどん（(Large size)Udon noodles with poached egg， green onion， nori and tenkasu）,418,704,19.3,16.6,118.8,4.5,1.0,0.1,6.6
17216,釜玉うどん（Udon noodles with poached egg， green onion， nori and tenkasu）,352,548,16.1,16.3,83.9,3.9,1.0,0.1,5.0
17229,（大）かき揚げうどん（(Large size)Udon noodles with mixed tempura）,418,646,13.3,7.6,130.8,6.6,0.1,0.3,6.8
17228,かき揚げうどん（Udon noodles with mixed tempura）,352,489,10.1,7.2,95.9,6.0,0.1,0.3,5.2
17237,（大）ワカメうどん（(Large size)Udon noodles with wakame seaweed）,418,542,13.1,4.1,117.4,8.3,0.1,0.1,5.6
17236,ワカメうどん（Udon noodles with wakame seaweed）,352,386,9.9,3.7,82.5,7.7,0.1,0.1,3.9
17247,（大）きつねうどん（(Large size)Udon noodles with deep-fried tofu）,418,654,18.6,9.5,124.0,6.7,1.6,0.0,5.7
17246,きつねうどん（Udon noodles with deep-fried tofu）,352,498,15.3,9.2,89.1,6.1,1.6,0.0,4.0
17291,（大）ざるうどん（(Large size)Zaru udon (cool udon noodles)）,418,667,15.3,1.7,147.9,5.9,0.0,0.1,7.0
17290,ざるうどん（Zaru udon (cool udon noodles)）,352,510,12.0,1.3,113.0,5.3,0.0,0.1,5.4
19004,ミートソーススパゲティ（Spaghetti meat sauce）,418,668,20.5,17.7,107.5,1.5,0.3,0.2,7.7
19003,カルボナーラ（Spaghetti carbonara）,418,656,19.2,19.4,101.2,1.5,0.7,0.0,7.7
7051,（小）ライス１３０ｇ（(Small size)Rice）,66,221,3.9,0.0,48.1,0.0,0.0,0.0,2.8
7052,（中）ライス２００ｇ（(Medium size)Rice）,99,340,6.0,0.0,74.0,0.0,0.0,0.0,4.3
7053,（大）ライス２７０ｇ（(Large size)Rice）,132,459,8.1,0.0,99.9,0.0,0.0,0.0,5.7
7059,（ミニ）ライス１００ｇ（(Mini size)Rice）,55,170,3.0,0.0,37.0,0.0,0.0,0.0,2.1
7054,（特大）ライス３４０ｇ（(Extra Large size)Rice）,165,578,10.2,0.0,125.8,0.0,0.0,0.0,7.2
7055,（小）麦ご飯１３０ｇ（(Small size)Barley rice （boiled barley and rice））,66,206,3.5,0.1,45.4,0.0,0.0,0.0,2.6
7056,（中）麦ご飯２００ｇ（(Medium size)Barley rice （boiled barley and rice））,99,316,5.4,0.1,69.8,0.0,0.0,0.0,4.0
7057,（大）麦ご飯２７０ｇ（(Large size)Barley rice （boiled barley and rice））,132,436,7.5,0.2,96.3,0.0,0.0,0.0,5.6
7060,（ミニ）麦ご飯１００ｇ（(Mini size)Barley rice （boiled barley and rice））,55,164,2.8,0.1,36.2,0.0,0.0,0.0,2.1
7058,（特大）麦ご飯３４０ｇ（(Extra Large size)Barley rice （boiled barley and rice））,165,551,9.5,0.2,121.7,0.0,0.0,0.0,7.1
8090,豆腐とわかめの味噌汁（Miso soup）,33,24,1.3,0.5,3.2,1.7,0.0,0.0,0.3
8097,豚汁（Miso soup with pork and vegetables）,88,72,4.3,2.6,7.2,1.4,0.4,0.3,0.2
8101,さっぱり豚汁（Lightly-flavored Pork and Vegetable Soup ）,88,67,4.0,2.3,7.7,1.8,0.5,0.3,0.1
9096,生チョコケーキ（Chocolate cake topped with chocolate-flavored whipped cream and cocoa powder）,132,98,1.5,5.9,9.6,0.0,0.7,0.0,0.4
9097,ミルクティーショート（Tea flavored cake topped with tea flavored whipped cream）,132,93,1.3,5.7,8.9,0.0,0.8,0.0,0.4
9098,抹茶きなこケーキ（Kinako (soybean-flour) cake topped with green tea flavored whipped cream）,132,134,2.0,8.8,11.9,0.1,0.9,0.0,0.5
9128,フルーツミックスヨーグルト（ yogurt with pieces of fruit）,88,49,1.2,1.2,8.8,0.0,0.3,0.1,0.2
9129,今川焼き（Imagawayaki pancake filled with red bean paste）,88,188,4.2,2.9,36.3,0.5,0.0,0.0,2.3
